{
    "round_accuracies": [
        [
            1,
            0.5
        ],
        [
            2,
            0.5
        ],
        [
            3,
            0.5
        ],
        [
            4,
            0.5015000104904175
        ],
        [
            5,
            0.6685000061988831
        ],
        [
            6,
            0.8429999947547913
        ],
        [
            7,
            0.8550000190734863
        ],
        [
            8,
            0.921999990940094
        ],
        [
            9,
            0.9570000171661377
        ],
        [
            10,
            0.9580000042915344
        ]
    ],
    "round_losses": [
        [
            1,
            4.212904453277588
        ],
        [
            2,
            3.291877031326294
        ],
        [
            3,
            2.8397812843322754
        ],
        [
            4,
            2.0164737701416016
        ],
        [
            5,
            0.9534345865249634
        ],
        [
            6,
            0.598993718624115
        ],
        [
            7,
            0.5351627469062805
        ],
        [
            8,
            0.3680539131164551
        ],
        [
            9,
            0.2844167649745941
        ],
        [
            10,
            0.2761131823062897
        ]
    ],
    "client_accuracy_log": {
        "Client 0": [
            0.5,
            0.5,
            0.5,
            0.5015000104904175,
            0.6685000061988831,
            0.8429999947547913,
            0.8550000190734863,
            0.921999990940094,
            0.9570000171661377,
            0.9580000042915344
        ],
        "Client 1": [
            0.5,
            0.5,
            0.5,
            0.5015000104904175,
            0.6685000061988831,
            0.8429999947547913,
            0.8550000190734863,
            0.921999990940094,
            0.9570000171661377,
            0.9580000042915344
        ],
        "Client 2": [
            0.5,
            0.5,
            0.5,
            0.5015000104904175,
            0.6685000061988831,
            0.8429999947547913,
            0.8550000190734863,
            0.921999990940094,
            0.9570000171661377,
            0.9580000042915344
        ],
        "Client 3": [
            0.5,
            0.5,
            0.5,
            0.5015000104904175,
            0.6685000061988831,
            0.8429999947547913,
            0.8550000190734863,
            0.921999990940094,
            0.9570000171661377,
            0.9580000042915344
        ],
        "Client 4": [
            0.5,
            0.5,
            0.5,
            0.5015000104904175,
            0.6685000061988831,
            0.8429999947547913,
            0.8550000190734863,
            0.921999990940094,
            0.9570000171661377,
            0.9580000042915344
        ]
    }
}